Full of life & exciting [Latitude],Full of life & exciting [Longitude],Full of life & exciting [# times visited],Full of life & exciting [Duration],Chaotic & restless [Latitude],Chaotic & restless [Longitude],Chaotic & restless [# times visited],Chaotic & restless [Duration],Calm & tranquil [Latitude],Calm & tranquil [Longitude],Calm & tranquil [# times visited],Calm & tranquil [Duration],Boring & lifeless [Latitude],Boring & lifeless [Longitude],Boring & lifeless [# times visited],Boring & lifeless [Duration]
1.283745486285077,103.85836055507814,4,30.0,1.2817182444209287,103.84801795711672,4,30,1.2949435551705644,103.84651592006836,4,60,1.3043181456935469,103.84988477459108,4,10
1.2904493169681923,103.85165235033188,3,120.0,1.3007946337731575,103.85396173229373,4,60,1.295171484700234,103.8519581221596,3,60,1.2943857981173938,103.8466661237732,1,60
1.3138397,103.8159136,4,60.0,1.2846129,103.8466747,4,10,1.2938682,103.8466283,4,60,1.2865657,103.8465437,3,10
1.2847549350994278,103.84280707533264,4,90.0,1.2838861176973737,103.8519319504013,1,45,1.2846182775912174,103.83991416931154,3,90,1.2898414662202502,103.83748733068848,1,45
1.2996642245572774,103.8437404840698,4,15.0,1.2850338146966895,103.84331133062744,1,15,1.2811294975667329,103.856743833374,2,60,1.28014269119561,103.83730318243408,1,10
1.2906024,103.8464742,1,180.0,1.2844837,103.8513447,1,30,1.2863712,103.8252983,1,90,1.2758577,103.8191846,1,30
1.2870491362483156,103.85419776668702,4,90.0,1.2897521193988957,103.85397246112976,4,30,1.2938280409415046,103.84630134334718,4,180,1.2760941,103.8481899,4,60
1.2994056071731268,103.84591510524903,1,60.0,1.2859336185568278,103.84231021633302,1,60,1.2875210858937447,103.85145118465576,1,60,1.2895805015062891,103.86316707363282,1,45
1.2890066540941074,103.85602703323518,4,60.0,1.3004339696039926,103.85488977661286,4,120,1.2807207121207165,103.8710178994194,4,240,1.2883738128728457,103.8512741588608,1,15
1.2841891312075706,103.85080810482404,2,30.0,1.2877367999839917,103.84901907141112,1,30,1.292735169983291,103.86418964559935,1,60,1.295695573328284,103.85176565344236,1,5
1.2865354735431531,103.85431911642456,4,15.0,1.283939748409706,103.85228063757324,4,45,1.2804752020804904,103.85540272886657,4,30,1.277654221269594,103.8537183016052,3,30
1.2818753,103.848938,4,20.0,1.2866714,103.8490196,4,30,1.2938682,103.8466283,2,90,1.2980833,103.8440979,3,5
1.2889583865489276,103.85587682953036,1,100.0,1.4540519461358086,103.8129132055298,1,30,1.4432380545689842,103.81797721614991,2,30,1.2626972327664396,103.80505882911376,1,10
1.3048205,103.8321984,4,20.0,1.2833605366564291,103.8513365,1,5,1.2867892,103.8545014,1,30,1.3002063,103.8634707,1,5
1.277967867411151,103.8587164068923,2,120.0,1.281301116027272,103.8518085687866,4,5,1.29378632808838,103.8467016428222,3,120,1.2918985336294262,103.8577738016357,1,30
1.2812367591059233,103.84816076452636,4,120.0,1.292585004504201,103.85155107672118,4,60,1.2952558034847883,103.84622957403565,4,90,1.269459415361328,103.86026289160156,3,60
1.2915982025633872,103.8465299814453,2,15.0,1.2837895824121983,103.84378339941404,4,60,1.293571806061478,103.84678747351072,2,120,1.2757664148899217,103.84550001318358,4,15
1.2846547,103.8609937,4,120.0,1.3048205,103.8321984,4,150,1.2814942,103.8448202,4,210,1.283124561460082,103.85148670370482,4,60
1.304456764829696,103.83264686758422,4,360.0,1.3063143828963295,103.85232355291748,4,60,1.311033839432037,103.81515886480712,4,90,1.2765708780052964,103.83713152105712,2,30
1.3016335260676395,103.85399221772153,4,60.0,1.306386617591271,103.85172358968808,2,60,1.2922592844082248,103.84712182645876,2,90,1.286895065823725,103.85447303068848,2,30
1.2904932717526976,103.85616583941176,4,60.0,1.3021504370963128,103.85562104605502,4,60,1.2940076383625916,103.84668194179942,4,150,1.2914000996235195,103.85811767988278,1,30
1.2815210021630503,103.84380485708616,2,30.0,1.2847120305432764,103.8442769258728,2,10,1.287715347731106,103.85171200926207,4,20,1.2993102640250729,103.84336497480771,1,5
1.2873923723627032,103.8474600576416,1,30.0,1.2924980041042904,103.849691655542,1,30,1.289280170166519,103.85252406826172,1,30,1.2830161084448934,103.85857513179933,1,30
1.284732291267099,103.86076381435548,4,45.0,1.2951580770814142,103.85836055507814,4,60,1.2934848056953958,103.84600093593752,4,40,1.2993871,103.8486967,4,5
1.2990374717356,103.85541060417442,4,120.0,1.3073459575172388,103.85221388873168,4,60,1.2818883289452234,103.86944580783226,4,120,1.2907475446344543,103.86394089158846,4,30
1.3025572,103.834568,4,180.0,1.2902661445769648,103.84546101468048,4,60,1.2773502808197112,103.84218747133332,4,30,1.2770766963076532,103.83915378484193,4,15
1.2803572143521558,103.8499524801483,4,120.0,1.2810651406410714,103.85038163359069,4,60,1.285806096499533,103.85882522756955,4,60,1.2865837411342858,103.84656753237152,4,15
1.281683768895364,103.8438306584504,4,60.0,1.3059510915652583,103.85157249293398,4,60,1.2793417690157431,103.86205042478478,4,60,1.2811011790531797,103.8696901051918,1,60
1.279551560866025,103.84670903911744,4,15.0,1.28120741139635,103.85031862189923,4,5,1.2756150568553015,103.84959509601748,4,20,1.284215247674675,103.85151578720188,4,15
1.3039288,103.8319512,4,120.0,1.3199572,103.8439076,4,30,1.293076,103.8520677,4,120,1.2668901,103.8599513,2,60
1.2755518913500044,103.8381185739746,4,60.0,1.284232369619944,103.8515209648558,4,60,1.2879084180007545,103.85764505560302,4,45,1.2838542731199116,103.85120178198288,2,15
1.3048205,103.8321984,1,30.0,1.3045456,103.8339449,1,180,1.2815683,103.8636132,1,180,1.2793746,103.8527473,1,60
1.2863626638805248,103.85415485134278,4,30.0,1.2844319593564066,103.84346893062744,4,60,1.292519456316872,103.85223438968812,4,30,1.2715176539136874,103.86351039638672,1,30
1.2843193348808069,103.85855903854524,4,120.0,1.2818992482241502,103.84371435275231,4,120,1.294793389822157,103.84566834201966,4,180,1.2891943612058523,103.86316707363282,1,30
1.3035673216488748,103.83188178768312,4,120.0,1.305712532610826,103.85072162380372,4,120,1.2886795073806845,103.8467734121338,4,180,1.302237289934529,103.86496951809085,4,60
1.2445733143725792,103.84308269252932,1,60.0,1.2756365092095707,103.86621406307374,1,60,1.2862768548214774,103.88067653408204,1,60,1.2586461888522027,103.83783271541748,1,10
1.3027962368007897,103.8358869760742,4,10.0,1.3057459023057068,103.85136868650817,4,20,1.2883522114124049,103.851791134428,4,30,1.2843151633649017,103.85152693684005,4,15
1.289774763186544,103.8452854364624,4,30.0,1.3005437626347298,103.85493602449796,4,15,1.2929282398719597,103.84700205023192,4,60,1.2864067599623552,103.84685184652707,1,15
1.2865771865152178,103.8535111211792,4,60.0,1.2826442477960036,103.851283579969,1,60,1.2805276413080584,103.86273792019044,4,180,1.2840455636744892,103.85148660701452,1,60
1.2867568492079406,103.85445794096148,4,45.0,1.2895912276249144,103.84521773090516,4,60,1.2936564233242709,103.84685924282228,4,45,1.28923726568651,103.85506680240783,4,15
1.2843032456695689,103.85848930111084,4,30.0,1.2841530796934215,103.8434582017914,4,30,1.292540908529263,103.84728839626466,4,60,1.3052620384604765,103.82402827968752,4,15
1.298910352158468,103.85549122698364,4,180.0,1.3001026570716356,103.8459222455078,4,20,1.290393317849277,103.85100171586912,4,120,1.3154607230432376,103.80662085483398,4,10
1.2825795,103.8434675,4,45.0,1.293076,103.8520677,4,15,1.2938682,103.8466283,4,45,1.2928181,103.8598344,2,60
1.284312312759436,103.851885806869,4,15.0,1.2971464468854466,103.85710521851246,4,5,1.2825138867025876,103.86618562221165,4,15,1.2899131863551063,103.84495672351484,4,3
1.2995557722478028,103.85426213970338,1,60.0,1.30169026055773,103.854015376474,1,30,1.2932702836430114,103.84647300472412,1,60,1.279068883587111,103.84827544918214,1,30
1.2879084180007545,103.85481264288327,4,50.0,1.2913836803516443,103.84987737829589,4,60,1.283703773266818,103.8595333307495,4,50,1.288337462992109,103.84073640997312,4,60
1.2880800360059903,103.84472753698728,2,60.0,1.2839397484097317,103.85002758200072,4,20,1.29408665889556,103.84674455816648,1,60,1.2746937970116654,103.84816076452636,1,5
1.290654304696247,103.85283853704831,4,10.0,1.2923407,103.8508826,4,30,1.2937434236844243,103.84545709783934,4,90,1.2955025036502823,103.85489847357177,4,7
1.2853341465366466,103.86090662176512,4,120.0,1.285677382881917,103.84464170629882,4,60,1.290868826969553,103.85155107672118,4,120,1.2913836803516443,103.84644415075682,4,20
1.2899022850452828,103.84516408672486,4,90.0,1.306356095542477,103.85273864498292,4,240,1.2936993277296636,103.8456576131836,4,180,1.2898808328106282,103.87286594143067,1,30
1.2842759,103.8600338,4,120.0,1.3051345,103.8509134,4,120,1.2938682,103.8466283,4,60,1.2761227,103.8464673,3,30
1.2817247990524772,103.8436653822174,4,30.0,1.30394928827339,103.83380558187864,2,120,1.2939150412958065,103.8464012354126,1,180,1.2717548217364014,103.84261395628356,1,60
1.290044641993339,103.84599140237732,2,120.0,1.307301161711801,103.85200774127809,1,30,1.295727656880615,103.8519811232788,1,180,1.2842262726250886,103.85095846190184,1,60
1.2861922373132733,103.85013487036132,4,120.0,1.2840041052630928,103.8514652460327,4,40,1.2797994541079218,103.86249448950194,4,150,1.2754660819290224,103.84833242590332,4,30
1.2841822843399535,103.85149950566388,4,20.0,1.2810067424910685,103.85043552129052,4,30,1.2908247312922003,103.8516514564805,4,60,1.2871349452811045,103.85442664895952,4,20
1.3063882736848094,103.85070821275863,3,30.0,1.3100592607063388,103.85520895948564,2,40,1.2922352144854672,103.84764781227264,3,120,1.2911465143464649,103.8511668705002,1,10
1.2899451895140963,103.85636499157106,4,30.0,1.28923726568651,103.84617259731446,3,120,1.2871349452811045,103.8517086767212,4,30,1.291468297687335,103.86308124294436,4,5
1.283553607255443,103.85144378836058,4,10.0,1.279421356950367,103.84670030171776,2,30,1.2808398913885206,103.86332060987851,2,90,1.285489675511326,103.85248716766738,1,15
1.2909534443223931,103.8449709676758,1,90.0,1.2904814953129482,103.84595802059329,1,90,1.2893659791243486,103.85269572963868,1,30,1.2780391717553503,103.84887626400148,1,10
1.2938935890950307,103.8550486772766,1,60.0,1.2807004513651137,103.83580114538572,2,120,1.2813011160272847,103.86236574346924,2,120,1.2728810717815466,103.83860137159728,1,5
1.281590722153425,103.85412599737548,1,120.0,1.30230164632386,103.8416235708252,2,30,1.2938682,103.8466283,1,120,1.3018444,103.864928,1,30
1.3010079478595504,103.83540973491822,2,15.0,1.2816872575214346,103.84953405554198,1,30,1.2979051474836505,103.85451223547362,4,180,1.2876938954779913,103.8514652460327,1,30
1.2808291652331285,103.87592699224852,4,30.0,1.280405482059824,103.84979691202544,4,30,1.282051946656901,103.85451223547362,4,30,1.279745823308824,103.84840752775573,4,5
1.3004365019100033,103.85386850531005,4,90.0,1.3057700359182958,103.8526883333435,4,60,1.295030555486623,103.84704496557616,4,60,1.274511451927849,103.8471576183548,1,10
1.2782119819800208,103.84399797613524,4,240.0,1.2872219458643552,103.84833242590332,4,120,1.2926708133504694,103.84695913488768,2,120,1.277697125943922,103.85262396032714,1,10
1.2836233271905269,103.84853627378844,1,180.0,1.2830502849834329,103.84389960891107,3,60,1.2875651819556646,103.86936094458008,1,30,1.2748225111805098,103.845757505249,2,30
1.280690108192613,103.85044203109656,4,60.0,1.2806326488866668,103.85045280904534,4,60,1.2811114934184042,103.84772198302754,4,1,1.2803644926757172,103.85339485599444,4,5
1.3070871798553323,103.84328049907224,4,45.0,1.3205590553180426,103.82971925029295,4,10,1.311291785723234,103.8159863401367,4,60,1.32206069297789,103.84630603084103,4,90
1.3131581136169204,103.8156430173828,4,75.0,1.308803346367323,103.8310067106201,3,30,1.3489613041944135,103.76410168895262,4,60,1.3368142345250218,103.79316074141995,1,60
1.3069299,103.9349594,4,90.0,1.3126534568007049,103.87944716736756,4,45,1.2737864,103.8174964,4,60,1.3307585,103.8471983,2,30
1.3043054832045693,103.83150807190556,3,30.0,1.3043842152212677,103.83405370006102,1,15,1.313093757505837,103.81590050944824,4,120,1.3055426289916854,103.82220906505124,1,30
1.3144666875159976,103.88877076396484,2,120.0,1.310912,103.7951937,4,90,1.3508490552864023,103.8178746152832,1,60,1.3124072922179355,103.81568593272704,4,90
1.2644032,103.8222071,3,180.0,1.350553512702861,103.84871455714462,3,30,1.3019687,103.8970821,3,120,1.2819046,103.8239182,4,30
1.3599445626804518,103.84259385356444,4,180.0,1.3324863236305624,103.84997529277342,4,120,1.3540562,103.7769454,4,180,1.3164938,103.8965689,1,60
1.332486323630575,103.85237855205077,1,60.0,1.3199583999999978,103.88877076396484,1,60,1.3124072922179355,103.81512803325194,1,60,1.3251068694395889,103.80105180034178,1,60
1.3504843762123662,103.84812993297118,4,180.0,1.3005335582095634,103.84524387607117,4,360,1.3102513609483726,103.81364745387572,1,120,1.3015310827353423,103.85967416057127,4,60
1.3014989045310017,103.90495644845596,1,60.0,1.3127719769256243,103.88001603374022,1,15,1.3358542648602445,103.82379693278808,1,60,1.284004626913563,103.78234071025388,1,60
1.3298691941446172,103.78128928432004,2,90.0,1.3325399533040874,103.8470355916931,2,10,1.31326537379837,103.81547135600584,4,30,1.290311590670496,103.86941594371336,2,115
1.3157058,103.8161825,4,40.0,1.2993554,103.8520184,4,30,1.2769228,103.841196,4,30,1.3063651,103.8266182,2,5
1.313351181940209,103.81577176341553,1,30.0,1.310912,103.7951937,1,30,1.361231660020221,103.84843034038084,1,30,1.330255328177822,103.85267895946043,1,10
1.3506808,103.8487631,4,60.0,1.3019687,103.8970821,1,5,1.3540562,103.7769454,1,60,1.3417044,103.77593,2,30
1.3506808,103.8487631,4,120.0,1.3508449,103.8481737,4,120,1.3447621,103.8223506,1,120,1.3490142,103.8390947,4,480
1.3200544,103.8917746,4,120.0,1.310912,103.7951937,4,90,1.3548163,103.7762985,4,120,1.2941664,103.7861271,4,60
1.350377117650786,103.84834450969235,4,60.0,1.312857785084384,103.88020915278928,1,10,1.3551393932192215,103.77701920756834,4,120,1.3334731094364989,103.8004080701782,1,5
1.3342641,103.8490489,4,120.0,1.3200544,103.8917746,2,30,1.3634088,103.8435614,4,120,1.3222623,103.8704758,1,60
1.3321859974372476,103.84752911815184,4,120.0,1.3148528239454194,103.88362092265623,4,90,1.3426115852394649,103.83229417094724,4,360,1.3378063815494992,103.79341286906735,4,30
1.3332665885797672,103.84824960171356,2,60.0,1.3141101,103.8791277,4,60,1.3548163,103.7762985,1,120,1.3046994768557298,103.90845048683316,4,30
1.2817956093551004,103.84479636692372,4,210.0,1.284291234337027,103.84288096454026,4,90,1.289519204286648,103.844678893376,4,210,1.290935844039308,103.76625055825042,1,30
1.3372057304258298,103.77959412822264,4,60.0,1.334374087435559,103.7860528875305,4,3,1.3467303237431536,103.83401078471678,4,30,1.337827833372641,103.7951294828369,4,30
1.302796758447367,103.83933228740231,1,60.0,1.309318196091967,103.85169190654295,1,30,1.2930574747715724,103.84701413402098,1,30,1.3042555025470677,103.84671372661133,1,30
1.2631731769024386,103.82283556428224,4,120.0,1.3082884965369697,103.88589543590086,3,30,1.3059287667966208,103.869351570697,4,20,1.3451846,103.8584553,4,480
1.341670964914408,103.83411489679446,4,90.0,1.3505657765804264,103.8474905947939,4,60,1.298954909532415,103.90808886296752,4,120,1.3640651872561584,103.83878457324926,4,30
1.310912,103.7951937,2,120.0,1.26245102655068,103.8238593407532,4,60,1.276492751678165,103.81509369259034,1,180,1.3424036380095148,103.8484204632294,2,15
1.3045772842199788,103.83206886539,4,120.0,1.3022229140295885,103.834407751651,4,30,1.295889164639619,103.84733599910275,4,60,1.2990587228389232,103.838913862796,4,30
1.3109048446109206,103.7951546942756,4,90.0,1.3149600840540596,103.76435489053137,4,90,1.313294548252685,103.81585588629122,4,120,1.2842878,103.7824933,4,120
1.3420431129734347,103.83476180324097,4,10.0,1.3126003605991994,103.8389675069763,4,10,1.3702520478925586,103.82625383624573,4,20,1.3045129278886611,103.90813094863432,4,5
1.2814942,103.8448202,4,90.0,1.3173615,103.8454801,4,30,1.2895263,103.8397852,4,90,1.2938682,103.8466283,4,60
1.3030541839381289,103.82903260478514,2,60.0,1.3236052336232926,103.8271872449829,3,10,1.3086317297689478,103.81701630839842,3,60,1.3188858008569897,103.83340996989745,2,45
1.3200544,103.8917746,1,180.0,1.3516087,103.899516,1,180,1.3294113,103.8020777,1,90,1.310912,103.7951937,1,60
1.332314708667425,103.84757203349608,4,120.0,1.31644027308291,103.88284844645996,4,30,1.336905404808908,103.8229386259033,2,180,1.2835326766179396,103.8177673269226,4,60
1.3557400399239936,103.78070992717284,2,180.0,1.3323147086674505,103.8483874250366,1,30,1.30071590143189,103.91323251018063,2,300,1.270049878100488,103.81411952266234,1,0
1.3151102481985,103.81761712321776,4,180.0,1.3042125983209305,103.83405370006102,4,60,1.304684544768439,103.82336777934567,4,120,1.3053281079633252,103.82993382701414,4,60
1.302753854196358,103.83276623973389,1,120.0,1.301938673288236,103.83512658366698,1,60,1.304856161636525,103.8232819486572,1,30,1.3119138951758444,103.8256208349182,1,20
1.2848223265191072,103.86514409311522,4,30.0,1.314466687516023,103.87902898082274,4,10,1.3155821925934692,103.81607217082518,4,60,1.2917381636402234,103.86387986430664,4,10
1.3506808,103.8487631,4,60.0,1.3045921105591065,103.83394419206545,4,30,1.32055905531803,103.81628674754636,2,120,1.3184138570875847,103.86456650981444,4,20
1.3035690348407103,103.83195084819334,4,120.0,1.304770353203945,103.8339249540283,2,30,1.3127505248854414,103.8159863401367,4,120,1.3066581380440108,103.82851762065428,1,10
1.314059098998061,103.8860456396057,4,30.0,1.303912268717285,103.87666863688963,4,60,1.312686168763913,103.81556791553038,4,60,1.287554977478248,103.8035408903076,4,30
1.3227900595136062,103.81169480571288,4,30.0,1.349915905782038,103.84904188403624,3,30,1.3147241118088986,103.81568593272704,4,60,1.3427081182527187,103.77569956073302,4,90
1.3634088000000024,103.8435614,4,120.0,1.3509307068331198,103.84808786931154,4,20,1.3446762929495273,103.82269392275388,4,120,1.3365576012300906,103.83571662695311,4,30
1.3419090139552403,103.8344956424194,4,60.0,1.3508449,103.8481737,4,30,1.3548163,103.7762985,4,120,1.352052,103.8370283,4,15
1.3141440193352856,103.88732259152624,2,20.0,1.3609080894030583,103.837970584128,1,10,1.3140863973858237,103.81589213994992,4,30,1.3409528140420597,103.80281698145605,1,10
1.350677441611275,103.84946030864256,2,40.0,1.3327866497873389,103.8489453245117,1,30,1.339651237652534,103.81641549357909,1,120,1.3561476215315136,103.83808774241942,1,30
1.308116879903367,103.83238000163573,4,60.0,1.3208593829226076,103.8308779645874,4,60,1.3076020299321405,103.81701630839842,4,60,1.301252204950628,103.83057755717772,4,50
1.3006944492887589,103.91237420329588,4,45.0,1.3340308577604971,103.85581177958984,1,60,1.306615233858852,103.86782807597656,1,60,1.3053495600670046,103.87679738292236,1,10
1.334457165698117,103.84901671111456,4,10.0,1.3212455183608924,103.84654206523436,4,60,1.3129221412015233,103.81422681102292,4,150,1.2949023639840036,103.83195084819334,4,30
1.3045129278886738,103.83199376353758,4,60.0,1.30695846731969,103.85074776896973,4,40,1.3163544650472505,103.81783169993896,4,120,1.312364388131196,103.83950394877928,4,30
1.3045987363300322,103.8301054883911,4,180.0,1.3048132574205913,103.83568448314207,4,90,1.313951838850618,103.81358308085936,4,120,1.3230474829455947,103.8431088376953,4,50
1.3200544,103.8917746,4,120.0,1.3516087,103.899516,4,60,1.3018870348230422,103.87009113059388,4,120,1.3176992333480022,103.86158008465574,4,30
1.3318534933947963,103.84752911815184,1,120.0,1.331837404488383,103.84752911815184,1,30,1.3169014912240933,103.97960109004516,1,120,1.330705817806924,103.84713751563568,1,0
1.313022947206509,103.87759488258664,4,180.0,1.2834458,103.8161326,1,30,1.3039845,103.8770208,2,240,1.2834458,103.8161326,1,60
1.2990640858783191,103.90632313975829,4,180.0,1.291427106444644,103.83117837199704,4,20,1.3108627446313412,103.81392640361328,4,170,1.3175557772776505,103.83315247783202,4,25
1.3055426289916854,103.83200807039856,4,60.0,1.312750524885454,103.85146302819948,4,20,1.3132367728295389,103.81727380046384,4,60,1.291441399196552,103.85667008516492,4,20
1.3321430936923413,103.84729308375852,3,30.0,1.332228901181378,103.84782952556152,3,30,1.314013513436049,103.81652814635773,4,60,1.3357041019737643,103.78266257533568,1,10
1.3340308577604971,103.85478181132812,4,120.0,1.3166976971721536,103.8943497587158,4,60,1.3005657364262957,103.91280335673828,4,60,1.328539176456683,103.80233926066892,4,10
1.3489184007435049,103.83939666041869,4,45.0,1.3507525225956307,103.849181358905,4,105,1.350055341937623,103.84600562343138,4,20,1.344033837980028,103.8470656323031,3,20
1.311034361076948,103.79431409129636,1,90.0,1.3109914569666212,103.79474324473875,1,90,1.313007949355156,103.81577176341553,1,120,1.3559116532407487,103.83310956248778,1,15
1.3045558321097093,103.8319079328491,2,90.0,1.3050706827051513,103.83478326091308,1,20,1.31644027308291,103.81783169993896,2,120,1.3272949657133126,103.83688611278076,4,30
1.3418393209968325,103.8321225095703,1,90.0,1.3362224,103.8465151,1,30,1.3447621,103.8223506,2,90,1.3250014,103.8268611,1,15
1.3009558171337512,103.91222951534426,1,60.0,1.3360311680809145,103.78319344526368,4,30,1.279937652318358,103.82450314047544,4,40,1.281218126250608,103.82383236931156,4,10
1.313115209543043,103.88218325862424,4,15.0,1.3126218126406417,103.87971562633057,4,5,1.3014238220525485,103.87276334056396,4,15,1.3164724510955268,103.8966350007965,4,5
1.3324648717608445,103.8481513906433,4,60.0,1.3150673441581455,103.88259095439452,4,60,1.3011878485343893,103.91565722713013,4,60,1.311163073403386,103.86742038020628,1,30
1.3343740874355208,103.85031861552731,3,120.0,1.31365151041346,103.87915772685544,1,10,1.3421396460090926,103.83589905986328,2,180,1.2724632720464455,103.82628602275388,1,10
1.3566839130158848,103.77577466258543,2,240.0,1.3431952988870977,103.77523262565612,4,60,1.2743510808484413,103.81727380046384,1,120,1.3057442724679271,103.90476394661864,4,30
1.30391696104033,103.83196818694586,4,120.0,1.3207221478854234,103.82616146767276,4,1,1.321837841158109,103.82500835697527,1,1,1.3165490656901586,103.82650309014451,3,2
1.3769613496919588,103.95208995507814,4,10.0,1.3533217067486074,103.945041109787,4,15,1.381680669702662,103.95161788629152,1,30,1.3364177189073123,103.9606730239258,4,60
1.3426816468305975,103.92625491784668,1,60.0,1.352935576355942,103.9433137671814,2,75,1.384544434322254,103.94094269441224,1,60,1.3871722302741851,103.98856799768068,1,30
1.3782507,103.9545276,4,120.0,1.352697390090129,103.94542600078698,4,10,1.3909433,103.9920554,4,90,1.385,103.9455556,2,45
1.3919184184427469,103.989945176474,4,90.0,1.389649863784558,103.98791353868104,4,60,1.363489784910766,103.94805591271974,1,120,1.3413025,103.9245499,1,15
1.3791368197441758,103.95197171528322,4,480.0,1.3625030112696246,103.9925162093506,4,240,1.300549990627205,103.91329448388672,3,360,1.3755455518650992,103.96779697106936,3,120
1.3187949,103.8927472,3,120.0,1.3239356,103.9312813,1,30,1.3909433,103.9920554,1,120,1.3258823,103.9083537,1,30
1.3598859140036526,103.9898125426636,4,240.0,1.3354072,103.9256192,4,120,1.3909433,103.9920554,4,180,1.3776279,103.9546233,1,30
1.3250911237951626,103.9309756057129,1,60.0,1.3326850967216346,103.93728416131592,1,30,1.3863999803380571,103.97153060601808,1,800,1.3441832710052493,103.95131747888183,1,60
1.353536223606841,103.94037406610109,4,150.0,1.3538097325735876,103.9450598852501,4,20,1.3636184944863172,103.94809882806398,1,240,1.3602505916617946,103.931533505188,1,15
1.3896176867425192,103.98487727807618,3,30.0,1.3311405617477845,103.94784133599856,2,60,1.3897892976277657,103.9752642409668,1,100,1.361988172687672,103.94728343652343,2,15
1.3911514585866602,103.98722689317324,4,15.0,1.3528926729751962,103.9451483981476,2,15,1.3917413705689488,103.97588651345826,2,60,1.3218197017215922,103.91446392701722,4,45
1.3542075,103.9435079,2,20.0,1.3742949822427364,103.93245353016408,1,120,1.362212,103.974025,3,40,1.3140113,103.8807331,1,10
1.37645180441971,103.95475581401062,1,30.0,1.391762821911,103.98000638650514,1,30,1.3847267712783151,103.9454380767212,1,60,1.3727354052061946,103.94969742463684,1,10
1.3725402,103.9517213,4,120.0,1.3602082,103.9897593,4,30,1.3909433,103.9920554,1,30,1.3905219,103.980521,1,30
1.4043485,103.793023,3,360.0,1.4293478,103.8358671,3,180,1.411778,103.8443315,1,180,1.4386045414325674,103.737251255542,1,60
1.3530231,103.93942,3,120.0,1.3236038,103.9273405,4,60,1.3909433,103.9920554,3,60,1.349177,103.967629,2,30
1.3605294627749778,103.98976962731936,3,70.0,1.3147941741909974,103.94146840737916,1,90,1.390990573474974,103.99174373315432,2,90,1.3267429221520723,103.91297261880494,4,250
1.3527655524458952,103.94485743430178,4,180.0,1.3236038,103.9273405,4,120,1.2987408899972257,103.90557662275393,4,270,1.3256113270293066,103.922314077771,2,60
1.3623313984211998,103.9907137648926,4,240.0,1.3533431584353035,103.94393603967286,4,120,1.408151589977747,103.92393748925782,1,120,1.399313682161356,103.8852278487549,4,60
1.353880446278656,103.94353518623046,2,90.0,1.3142107464262622,103.87788359675906,4,20,1.3906746,103.9883041,1,120,1.3553534,103.9891719,2,90
1.3527081159465997,103.94543672960955,4,150.0,1.323481119833637,103.91284774870576,1,30,1.3419413425508495,103.92586558344335,4,120,1.3404770811356026,103.9495567931674,1,30
1.4095244658600448,103.98951213525392,4,120.0,1.3542226774257,103.9438716666565,4,15,1.380093263107495,103.9521757857666,3,60,1.3775190879987875,103.95492236779786,2,5
1.3535421693074934,103.94515558020142,1,30.0,1.3528497695936748,103.94470851586917,1,30,1.3621168823434748,103.9467684523926,1,30,1.3298963523151968,103.95929973291015,1,10
1.3601004302798445,103.98985545800782,4,120.0,1.3062991587791464,103.93513839410402,4,90,1.3576442177773895,103.98630957769014,1,10,1.3572716,103.9723158,1,1
1.3527248904779725,103.94508236446669,4,90.0,1.373239898697289,103.9491210672942,2,45,1.3915349032127091,103.99053097457468,4,180,1.3400878961926848,103.93333128819462,2,30
1.3007842,103.9121866,4,360.0,1.353232767247711,103.94521633364012,4,60,1.3909433,103.9920554,1,60,1.3803679,103.9620131,1,120
1.352270573868994,103.94452612565614,4,60.0,1.3529355763559927,103.94499283002472,4,30,1.3525708975953432,103.9410070674286,4,60,1.339077745049916,103.9680759208069,1,10
1.3545410222036014,103.98906580676808,4,60.0,1.3531565275110018,103.94512050310836,1,60,1.3014406786888206,103.91363780664064,1,60,1.370431513606609,103.97100704222352,4,45
1.3892422878876989,103.98825686143496,4,30.0,1.3151105915057402,103.89225523637391,4,10,1.381978308321228,103.9519746200905,4,90,1.362159785560549,103.97397141622164,4,40
1.3602082,103.9897593,4,120.0,1.3239356,103.9312813,3,60,1.3007842,103.9121866,4,120,1.3725402,103.9517213,2,60
1.3755455518650863,103.95088832543946,3,60.0,1.3525923492886676,103.9438716666565,1,30,1.3635755912952343,103.94887130426028,1,15,1.3641333327197191,103.93698375390626,1,15
1.3495907,103.9567879,1,180.0,1.3516087,103.899516,1,180,1.3450101,103.9832089,1,180,1.3242698,103.909909,1,60
1.3628044370960195,103.99139821040038,4,120.0,1.353108293246866,103.94483506190184,4,120,1.3772198707526166,104.00461613642577,4,120,1.3728437661393638,103.92612397181396,2,30
1.353246625843778,103.94562046693422,1,30.0,1.3534933199837875,103.9449821005556,1,30,1.3755455518651247,104.00526206658937,2,180,1.3339936603165667,103.96009366677858,1,0
1.3533217067486074,103.94041698144532,4,120.0,1.3736578201228165,103.93226306604004,4,120,1.3910763788695262,103.98633639978028,4,180,1.3542226774257,103.9601151244507,4,60
1.3178832635469897,103.97002856896974,1,60.0,1.3882877019594968,103.97775333093264,1,60,1.317239703580137,103.976380039917,1,30,1.3782913408236483,103.95887057946778,1,20
1.3013866241216752,103.9129297034607,4,120.0,1.373872335168668,103.93256347344972,4,15,1.3622978064299862,103.97374605026246,4,120,1.3373116585774167,103.96662595875247,4,10
1.3774226,103.9547787,3,300.0,1.3320047,103.9387362,4,60,1.30701570835885,103.934240567984,4,20,1.3271175,103.9322493,4,30
1.353287957328715,103.94522971897904,1,60.0,1.3591565585220051,103.940717388855,1,0,1.3538365471765157,103.94049175128173,1,120,1.3407938894167346,103.9494721190796,1,0
1.3599288172604074,103.98946921990968,4,120.0,1.3788061759011003,103.9467684523926,4,60,1.4108973409330563,103.96659534143068,4,120,1.3336718824478917,103.9595572249756,4,60
1.360186236784957,103.98976962731936,2,120.0,1.3534182393371812,103.94412915872194,2,15,1.3916931050487007,103.97587042020416,1,60,1.3854132161636457,103.94080321954348,1,30
1.3738350180613803,103.95155733068846,4,120.0,1.3451388105569857,103.98303723862306,4,120,1.372454393936149,103.95167838465576,4,60,1.3399194,103.949471,4,30
1.3897557,103.98795,4,120.0,1.3644202,103.9915308,4,60,1.3778801,103.9525284,4,180,1.4092951,103.9216496,1,30
1.2992257881747795,103.90676191972132,4,30.0,1.3535048289350462,103.94496062840294,4,5,1.3603231078808111,103.98974858703411,4,30,1.333889780629173,103.95977303192863,4,10
1.352377832346951,103.94423644708252,1,60.0,1.353321705755142,103.94562046454791,1,30,1.4115837781656289,103.91930263208008,1,120,1.4046335918402495,103.86218230889894,1,60
1.3530642864936748,103.9518324630127,4,50.0,1.3331570377704949,103.95861308740236,4,60,1.352485090820201,103.93887202905276,4,60,1.3578694600759245,103.94337814019777,4,30
1.318398111400768,103.89282386468508,4,40.0,1.324737166861056,103.93064837621309,4,30,1.3908189626771672,103.99234454797364,1,120,1.3448268239405312,103.94093196557618,1,10
1.3250911237951626,103.9225641982422,4,60.0,1.376918446739723,103.92634074853515,1,60,1.320328789903598,103.96329085992431,4,120,1.3647339771860678,103.98831050561525,4,60
1.353150093248347,103.94479434655764,4,60.0,1.325048219927245,103.92904441522218,1,60,1.390690254570778,103.99182956384278,1,60,1.342467129016035,103.96333377526857,1,15
1.353493320236718,103.94239108728028,4,120.0,1.331440888068537,103.94869964288333,4,40,1.338176768776243,103.92552535699464,4,90,1.3336718824478917,103.95612399743652,4,50
1.352751827235332,103.9455078589301,4,90.0,1.332127348092761,103.89604251550294,4,60,1.3428532610687085,103.92522494958496,4,60,1.3312263692717687,103.86816899942018,3,30
1.360357849786125,103.98976962731936,4,300.0,1.352495816667245,103.94472729133226,4,90,1.3602103698640402,103.98975889848327,4,60,1.3639617199874865,103.94797008203126,1,0
1.3527103335985164,103.94377510713196,1,180.0,1.3242698,103.909909,1,15,1.3885076528356437,103.98845386826171,1,240,1.3399194,103.949471,1,15
1.3638759136167964,103.9914004104004,4,120.0,1.3255201624355093,103.9274994628296,4,20,1.3086159840207083,103.94114654229736,4,120,1.3540510639892165,103.94269149468995,2,30
1.3536930821422668,103.9453520991889,4,20.0,1.3571830072910889,103.94606750198832,2,15,1.3626889256113817,103.94781272555078,1,20,1.3534253897900148,103.94581716237111,2,10
1.352351017727904,103.94488285945512,4,60.0,1.3246433146352086,103.93063630627252,4,30,1.408237394744089,103.92204921411134,2,90,1.3577943793120828,103.94366781877136,1,20
1.353278803374681,103.94496600793458,2,60.0,1.3609584951938416,103.99019878076172,2,60,1.3901325193607792,103.99225871728515,2,40,1.3374474067884528,104.02418773339843,3,10
1.360186236784957,103.98976962731936,4,120.0,1.3644765581474938,103.99157207177736,4,180,1.30046418204804,103.91256492303468,4,120,1.3742584622028584,103.93226306604004,4,120
1.318097783499012,103.89501254724122,1,60.0,1.353107189871393,103.94402187036134,1,30,1.3903470329185634,103.99346034692384,1,120,1.3859280496972437,103.9421765105591,1,45
1.3007216077769106,103.91312282250978,2,120.0,1.3530642864936748,103.94445102380372,1,120,1.3906044491621803,103.99200122521974,1,120,1.3671794566783098,103.9468971984253,2,30
1.3774226,103.9547787,1,120.0,1.3408418,103.9414986,1,20,1.3637756,103.9481856,1,90,1.3670932,103.9798645,1,15
1.35375145057463,103.93997496190188,4,60.0,1.3537292887630474,103.9560810820923,4,10,1.3411523374471126,103.9264381751465,2,30,1.3631894625410508,103.94942920373536,1,10
1.3250911237951752,103.93088977502444,4,30.0,1.3249650936806765,103.92878960536576,4,5,1.3920845920182567,103.97764604257203,4,60,1.3347015714795405,103.98341815637208,2,20
1.3530428348045234,103.94520204232788,4,120.0,1.324361757936243,103.93037479089357,4,20,1.3613446243055831,103.98964088128665,4,30,1.314622558003499,104.00745074914552,4,20
1.3533646101217705,103.940717388855,3,180.0,1.346585867763482,103.9454380767212,1,30,1.3056985000343844,103.9284006850586,3,120,1.3591994617917238,103.96981399224856,1,10
1.3531079,103.9403612,4,200.0,1.3542075,103.9435079,4,15,1.392234751386331,103.9886967437134,4,60,1.3704096648343655,103.95906590501689,2,5
1.3536955767304484,103.940421387838,4,60.0,1.345804410795294,103.94453378920402,2,45,1.3582732103001025,103.94293883221066,4,20,1.3427145,103.9530415,4,110
1.429508681420318,103.8361245896765,4,30.0,1.429805810866493,103.83519413015564,4,30,1.3621392066049154,103.79074494072265,1,60,1.4412943167387329,103.79984299370116,1,10
1.4368539795565802,103.78664920755688,1,60.0,1.445048218231633,103.76915852257078,2,60,1.4349877483080045,103.78725806900329,1,45,1.4075947315556208,103.75761429497068,1,120
1.4043485,103.793023,4,180.0,1.4343239,103.8230203,1,20,1.400879,103.807041,4,60,1.4530016,103.7802692,2,20
1.4356956293057832,103.78671089836423,4,30.0,1.4456488418951183,103.768836657489,4,30,1.46149429447251,103.83654427724606,4,120,1.4581319769419618,103.8435914330658,2,15
1.430368,103.8353628,1,60.0,1.430368,103.8353628,1,60,1.4505181778669851,103.77666870781248,1,60,1.4566959987282109,103.79297653862302,1,10
1.4029923,103.8183204,3,240.0,1.4373535,103.7859643,2,30,1.3551526,103.7972022,1,240,1.413775,103.809682,1,60
1.436050398135058,103.78603293068848,4,180.0,1.429594485381929,103.83650009893644,4,30,1.3447621,103.8223506,4,120,1.4073821,103.7561919,1,60
1.4363177063652963,103.78606716820066,1,60.0,1.4273082979714655,103.8358918828613,4,60,1.4631741121306248,103.83752266594236,1,60,1.4441472824386097,103.84071985908813,1,20
1.428391573947325,103.83603135773008,4,240.0,1.4293246924477825,103.83500138946836,4,30,1.4376154872718256,103.83537689873044,1,60,1.417440810189824,103.83322040268249,4,30
1.4040123788896712,103.79331986137692,1,240.0,1.438162485614744,103.77134720512692,1,60,1.3551030687522871,103.79143158623044,1,120,1.405900086368813,103.74851624199216,3,60
1.4463352687445663,103.76849333473508,4,22.5,1.4316521242960445,103.82823149391476,2,40,1.4636245762748836,103.837458292926,1,30,1.4529582046188383,103.77874473759,1,40
1.4349053,103.78678,4,180.0,1.4460745098549346,103.76842944655762,2,90,1.4632961518568204,103.83684468465572,2,60,1.2734089774893862,103.83885436084614,1,30
1.431855908538988,103.8278023404724,2,40.0,1.453317505038927,103.812964360202,1,30,1.4432892480178623,103.81807128616636,2,30,1.458582843532453,103.82183133988114,1,10
1.4293478,103.8358671,4,90.0,1.4316885,103.8283204,4,60,1.4404131,103.7352794,1,120,1.379829,103.689023,4,1
1.3774226,103.9547787,1,240.0,1.374177,103.9322926,2,360,1.3007842,103.9121866,4,180,1.3655402,103.9320018,1,240
1.4360933,103.7859471,4,120.0,1.4316885,103.8283204,3,90,1.4616659,103.8368876,3,120,1.4429489,103.8146295,1,10
1.4283873,103.8360434,4,60.0,1.4316885,103.8283204,4,30,1.4530016,103.7802692,4,90,1.4300969281614369,103.77653996177976,1,5
1.4360933000000022,103.78577543862303,4,120.0,1.4291728905475587,103.83595079629517,4,210,1.4419459,103.8250936,4,180,1.4073821,103.7561919,1,30
1.407101353970026,103.7941781682617,4,300.0,1.429389045433856,103.83591334053342,4,120,1.4536070904104976,103.78216187187498,4,120,1.4621873808312664,103.83692185112302,2,60
1.4372217,103.7861714,2,60.0,1.4450555948086607,103.76797883544312,2,600,1.4616659,103.8368876,1,120,1.4473401089596738,103.76950233016358,2,600
1.42974050038718,103.8351859206716,4,150.0,1.4460530579820106,103.76834361353364,4,30,1.421981563192964,103.747518462482,4,150,1.4492366989920475,103.8193295332078,1,30
1.4040123788896712,103.79349152275388,2,120.0,1.4357599821128937,103.78632466026608,3,30,1.4529206657656957,103.77958695122068,3,20,1.4503894730861078,103.77937237449947,3,60
1.446101097326527,103.80530039519506,1,30.0,1.4353121933833854,103.78806988415596,1,30,1.435073552076988,103.7936202687866,1,10,1.437905074646166,103.79336277672115,1,10
1.4041839887235157,103.7930623693115,4,180.0,1.4361675498492004,103.78598133751218,4,45,1.444729136845753,103.80405137964551,4,10,1.459473867522638,103.8006798429138,4,1
1.4051814693241804,103.79064697591964,4,180.0,1.4296648420548617,103.83416795719091,4,90,1.4627527592990246,103.83702906057586,3,120,1.4525659627191971,103.77929577078028,2,30
1.4316885,103.8283204,2,120.0,1.4252268,103.7620278,4,60,1.413117,103.8293719,2,120,1.4406659930110104,103.8312486984253,4,15
1.4290458294873658,103.83563439079587,4,60.0,1.427892838041654,103.83676628300016,2,30,1.4530708211745644,103.77937237449947,4,60,1.4413372185050797,103.76999537178342,2,60
1.436469722954271,103.78606214824214,4,60.0,1.4297958670728594,103.83788102150174,4,60,1.4042995918829095,103.79309638487196,4,180,1.4030881863347155,103.79107898772988,4,120
1.4343227689893872,103.82297436424558,4,60.0,1.3986978306190578,103.7551171583778,4,5,1.3969763648726772,103.8031474752075,4,30,1.4240155648936212,103.86716107555692,4,5
1.4274439887292798,103.79291534481104,1,90.0,1.4372217,103.7861714,1,30,1.4260074,103.8241046,4,360,1.4073821,103.7561919,1,30
1.4476866709975469,103.78430763908688,1,15.0,1.4428816815546552,103.77563873955076,1,10,1.440050165163527,103.79992882438962,1,10,1.4318130065946064,103.80138794609373,1,10
1.430368,103.8353628,1,120.0,1.4381922,103.7889597,4,60,1.4491107,103.8184954,2,120,1.4304941,103.7173325,1,30
1.4365751175128252,103.78632466026608,4,120.0,1.4463138179086683,103.76808563896482,4,30,1.4043555985447649,103.80361954399412,4,60,1.4508613905802126,103.80722443291012,2,30
1.4469144412373052,103.73019139000242,3,300.0,1.4252060975923313,103.76160542198484,3,10,1.4477510234657118,103.70993534752196,1,180,1.419972039337995,103.71871153541868,1,0
1.4357170802416903,103.78598133751218,4,180.0,1.4331000645764744,103.82336060234373,1,60,1.4186849740154708,103.7579576177246,3,120,1.433014260733511,103.77954403587644,1,30
1.4627879999345614,103.82872502037353,1,60.0,1.4363606082252407,103.79173199364013,1,60,1.4513905100777664,103.84054104515376,1,10,1.4629167040072184,103.82911125847166,1,5
1.3634088,103.8435614,4,20.0,1.4458888,103.7684635,4,60,1.4464952461803466,103.72535355234376,4,120,1.460341716973013,103.79965003652345,4,10
1.4043485,103.793023,3,120.0,1.4360933,103.7859471,4,60,1.4530016,103.7802692,1,90,1.4349053,103.78678,4,5
1.4364464119426867,103.78602425285642,2,90.0,1.444726455489383,103.76868645378416,2,180,1.4349448464223358,103.78714005180662,1,20,1.4454986859941417,103.7749091786987,4,480
1.4043555985447649,103.79349152275388,4,120.0,1.443825519568756,103.7696305913574,4,60,1.463560224259782,103.83743683525388,2,90,1.4263215510938647,103.83984009453124,3,30
1.4315555949115104,103.82821003624264,4,60.0,1.4377870946091889,103.7856782478935,4,60,1.4614151560335806,103.83670727440185,1,60,1.4416857953266748,103.82424573131864,3,30
1.4285589080288692,103.8367300455078,4,120.0,1.4294860019887023,103.83513374603272,4,30,1.4245497,103.8425364,4,30,1.44932520808526,103.8187099767212,4,10
1.4479987,103.7245442,4,180.0,1.3508449,103.8481737,4,15,1.4197913,103.72028,4,120,1.4616659,103.8368876,1,45
1.4295837598964631,103.83637135281408,4,60.0,1.4253018775822557,103.76141625392944,4,20,1.4531624797320526,103.78073053747237,2,30,1.4119496082349885,103.844707006789,2,30
1.4166256680104892,103.83507649132078,1,60.0,1.4288956724946444,103.83606354423826,1,60,1.4466141295930688,103.72409741112058,3,120,1.424004839371045,103.83708278366392,2,30
1.4429674850266387,103.7811748189575,4,60.0,1.4303114380357953,103.79203240104978,4,60,1.4342584161417564,103.78799835869138,4,60,1.4117348089177242,103.78392140098876,4,60
1.4094609849565436,103.79370609947507,1,300.0,1.446442522921065,103.7685147924072,1,60,1.4464856759674145,103.7300626439697,1,120,1.443074739362127,103.7904874486572,1,30
1.435416767120697,103.78941456505125,2,30.0,1.4360933,103.7859471,2,30,1.407616182752626,103.79314819999998,3,120,1.4357599821128937,103.76937309929195,1,30
1.4324565356759065,103.82833878227537,1,60.0,1.4367038230756992,103.7858955068237,1,40,1.4198004306696463,103.75787178703612,4,45,1.4187707783925765,103.8410417241699,1,40
1.4370470378745943,103.7879125280029,1,40.0,1.4321562221271285,103.77409378715818,1,39,1.4059858912179763,103.7886850041992,1,120,1.4066723298977264,103.7534944219238,1,30
1.428809868494409,103.83640686699216,4,60.0,1.3470372270504165,103.83829514213863,4,15,1.3424036463278994,103.83288780876462,4,120,1.4406507901467387,103.8011304540283,1,5
1.4457989977861847,103.76842896171873,1,120.0,1.445970604506673,103.76842896171873,1,120,1.414043139236054,103.8093815925903,1,60,1.409203570783201,103.7745658559448,1,240
1.4263378,103.8405467,1,120.0,1.4449979248637252,103.7723456057129,1,60,1.4616659,103.8368876,1,240,1.4260074,103.8241046,1,0
1.442967485027364,103.7689439458496,1,20.0,1.4371328415662523,103.78915707298582,1,10,1.404784623042966,103.79310528465574,4,170,1.4402646741042775,103.79941384025877,1,10
1.4432105957192736,103.79100243213324,4,60.0,1.4378621734698755,103.79317680979293,4,30,1.4464854245902268,103.780502479001,4,35,1.4318702096233515,103.79373470992284,2,20
1.4398946461688809,103.80065302082365,2,30.0,1.4361460989175172,103.78593842216794,3,30,1.446056407862019,103.73074928947752,2,90,1.4292388884635896,103.70963494011228,1,20
1.4289385744935537,103.8361064595825,1,60.0,1.4346445331999085,103.82293144890134,1,30,1.4474292611066806,103.77967278190916,1,70,1.448458900494756,103.822330634082,4,480
1.428445201457615,103.8361279172546,4,120.0,1.4317272027034895,103.82836023994749,4,90,1.4245411154400818,103.84224335380856,4,60,1.4589697757567064,103.79801909157102,4,60
1.4355025708735996,103.78653923698728,1,60.0,1.4290243784890182,103.83636395164793,1,30,1.4034546468426448,103.78606716820066,1,180,1.4197575285006667,103.75615517326658,1,45
1.4321562221271538,103.8265792531616,1,30.0,1.3437765600513936,103.83194367119138,2,120,1.4625305917670854,103.83760849663084,1,60,1.4089890589503964,103.76310745903318,1,10
1.40669,103.9021738,4,45.0,1.4185687,103.9061276,1,30,1.4092951,103.9216496,2,120,1.4245796,103.8841627,1,20
1.406071696063972,103.79108826347654,1,180.0,1.444615852384269,103.76804320845947,1,60,1.4342380962029138,103.82284863862304,1,60,1.4147188499735124,103.81006823809813,1,60
1.4128502689160367,103.82932583519283,4,60.0,1.3693469362713322,103.84932438560789,4,10,1.3709128984854864,103.82559220024412,4,30,1.3616243679452429,103.820528189624,2,20
1.4295821043812005,103.8353339833862,4,60.0,1.4452788148354427,103.7708375854141,4,30,1.463560224259782,103.83726517387692,4,60,1.459613297140059,103.80224625297848,4,20
1.4288313194947797,103.8353339833862,4,120.0,1.432113320188395,103.8283816976196,4,30,1.4007517896546633,103.80782524772948,4,120,1.452062634666389,103.79572312065427,1,5
1.4295821043812258,103.79623810478512,4,30.0,1.429248440860683,103.83537153431242,4,15,1.4525774533652058,103.77890030571288,4,120,1.459096930480558,103.8014168118036,2,30
1.442931862760391,103.78574242937027,1,25.0,1.4260805,103.832141,2,50,1.4347441274360913,103.8231628876543,1,50,1.422199119944512,103.7927645491596,1,30
1.3695623751328525,103.84825417320556,4,60.0,1.370325749360391,103.8496305129636,4,5,1.361839807499017,103.84769627373043,4,15,1.4216890487283622,103.83512207786865,4,5
1.349661654988941,103.87383844222953,1,45.0,1.3914550320400862,103.89553059350602,1,30,1.4082039555364425,103.92132342981952,1,120,1.4075527525754352,103.89646956245726,1,30
1.4111377,103.9044621,3,120.0,1.3499214,103.8734606,4,60,1.4092951,103.9216496,2,90,1.422099309593506,103.86405035290625,1,20
1.36953,103.8484398,4,60.0,1.3699718,103.8495876,1,15,1.4092951,103.9216496,2,150,1.4093858,103.8681166,1,30
1.380741609802833,103.84959698839111,2,240.0,1.37995,103.8489487,2,60,1.4148675994265172,103.91721913139646,1,240,1.3980498527670235,103.91876408378904,2,30
1.3507723,103.8722585,2,180.0,1.3696079,103.8484982,2,30,1.4118539,103.9003211,1,240,1.3973133,103.8756211,1,60
1.3507723,103.8722585,4,180.0,1.3730517,103.8470759,4,180,1.3770993,103.8987605,4,180,1.3815693,103.8447724,4,30
1.4068877653584069,103.90237042229002,1,60.0,1.3691547957952432,103.85029265205686,1,800,1.4162404713416836,103.9134425811035,1,60,1.4011736940095594,103.92310389797514,1,30
1.377971364916751,103.89732786934202,4,60.0,1.3917002639469502,103.895160644458,4,120,1.4084322515068368,103.917133300708,4,20,1.389026888873376,103.9111573390228,1,20
1.4067161557232708,103.90185543815916,3,60.0,1.3688759256821412,103.8478679351074,1,60,1.403670082600109,103.86975476066893,3,60,1.365014643862949,103.88606259147949,1,30
1.3500413925471522,103.87305924217527,2,30.0,1.4052842873379687,103.9023328713638,3,15,1.413473275556063,103.91842076103514,3,60,1.4100410901558738,103.87149283211058,1,20
1.3507723,103.8722585,4,30.0,1.40669,103.9021738,2,60,1.36535,103.876795,1,40,1.3539953,103.8786621,1,10
1.3642304,103.8664113,1,60.0,1.4094404571901948,103.85831782142942,1,30,1.4111136486376274,103.90448400299375,1,30,1.3996694241967136,103.89923760216062,1,30
1.36953,103.8484398,4,90.0,1.372185,103.846562,4,90,1.4092951,103.9216496,1,30,1.3612182,103.8862529,1,60
1.3507723,103.8722585,4,120.0,1.3499214,103.8734606,4,15,1.4110231394680868,103.9043517537201,2,120,1.3358756,103.8877164,2,60
1.3694012907412352,103.84895478413088,1,60.0,1.3410126892324838,103.87732207724608,1,20,1.4145332796360843,103.87100823068847,1,60,1.41487649774053,103.8716090455078,1,20
1.3507723,103.8722585,4,60.0,1.3695516493616964,103.84845802109068,4,60,1.3632127102242422,103.84117314140624,1,30,1.4152537197348396,103.87091347496336,1,5
1.3507723,103.8722585,4,180.0,1.3725894,103.8937225,4,120,1.3770993,103.8987605,4,240,1.4059352437727322,103.86679241111452,2,30
1.3696910843829688,103.84846874992674,4,90.0,1.392000582722906,103.89511772911376,4,60,1.4086253122032064,103.86932560722654,2,90,1.399165319301974,103.88468930046383,4,30
1.3918052936815823,103.89528871660232,2,120.0,1.370064575229677,103.84727974788512,2,60,1.4092951,103.9216496,1,120,1.389983044964811,103.910950347052,2,20
1.3697230628676988,103.84882603571204,4,150.0,1.3610950491080782,103.8869036123882,1,60,1.405333839959691,103.90222582310491,4,150,1.3727181080788744,103.8944735161304,1,30
1.4097622248696196,103.86988350670164,4,120.0,1.3292331396772537,103.86863896171872,3,5,1.4102341507190546,103.92099568168943,3,90,1.3585791603936768,103.9112109832031,1,10
1.3926870254955848,103.89447399895018,1,30.0,1.4073596917900355,103.90104004661865,1,30,1.398950806547992,103.8848609618408,1,30,1.391271237057888,103.89421650688476,1,30
1.400302236570637,103.92558762352292,4,90.0,1.392172193434787,103.89507481376953,1,15,1.3970309165266783,103.93117734710997,4,90,1.3895765800835245,103.92829129020994,4,1
1.3499529055273964,103.87210945140124,4,120.0,1.3713711987644952,103.89167868990354,4,45,1.410506885920713,103.91776049036436,2,90,1.3613519757624757,103.8487302148833,2,30
1.3634088,103.8435614,4,180.0,1.3730517,103.8470759,4,60,1.3743283,103.8402746,4,10,1.3642370238572032,103.88904789011303,2,15
1.3671061722858364,103.8970167330963,4,60.0,1.3718362375333644,103.8937766246063,4,60,1.3718147860113956,103.90256354133908,4,60,1.354830483366433,103.8769377164108,4,60
1.3691149,103.8454342,1,60.0,1.3507723,103.8722585,1,90,1.4089261842379086,103.8683159061624,1,180,1.406474472321724,103.90259463445534,1,60
1.3595230323772718,103.8494879893524,4,60.0,1.4235338397351245,103.86084982673948,4,5,1.384208370699565,103.87888500015562,4,30,1.4241559200907357,103.86715838234252,4,5
1.3770993,103.8987605,4,60.0,1.34105,103.916206,4,20,1.4205674,103.9121339,4,90,1.3829949704071534,103.89349468701587,3,30
1.385007435604665,103.90215584556884,2,60.0,1.3868522555642964,103.88803669731443,1,10,1.3910996262803983,103.90207001488037,1,10,1.3858654915785935,103.88065525810543,1,10
1.3553567,103.8678708,1,120.0,1.3691149,103.8454342,1,120,1.3981642,103.8564725,1,60,1.405163,103.8663418,1,30
1.3498268753801634,103.87378880302732,4,60.0,1.3351967600925632,103.88447472374266,2,30,1.410920588147409,103.92305561821289,4,120,1.3527443072284684,103.89490315239256,1,30
1.3539831421182171,103.89009663383789,4,45.0,1.3696052782170305,103.84846874992674,4,120,1.3850932412160677,103.82160374443356,2,240,1.3873885401665706,103.86943289558714,1,0
1.3916573612615504,103.89511772911376,4,180.0,1.3767271795197047,103.82825562279052,4,120,1.400409492888527,103.80722710411376,3,180,1.4167982003250088,103.81555268089598,4,180
1.3623546461126608,103.88069817344967,1,60.0,1.3736381646934597,103.89374443809812,1,30,1.3769416942896748,103.8982076338989,1,20,1.408089032450998,103.92515847008056,1,10
1.3638361930918,103.86607887354124,4,30.0,1.309970580507389,103.85520931219482,4,20,1.3655430642114563,103.87696666137695,4,100,1.3729644521415658,103.86233109259037,4,10
1.3507723,103.8722585,4,120.0,1.3581563,103.9112546,4,15,1.3770993,103.8987605,1,60,1.3581563,103.9112546,4,15
1.3744104187747537,103.93232533256834,1,120.0,1.3926441228281483,103.895160644458,1,20,1.407488398982066,103.9218539885742,1,90,1.4068448629507964,103.90202709953611,1,60
1.3743675157767945,103.9321536711914,2,90.0,1.39230090146053,103.89520355980224,2,20,1.4086896657652024,103.922540634082,1,90,1.3852031796510909,103.87936243336028,1,20
1.371407207057043,103.84682723800962,4,60.0,1.368870562795081,103.84777137558288,4,60,1.3643710962897515,103.84138771812742,3,60,1.3811998084748238,103.84416648666684,3,15
1.369572903084728,103.84852563068848,4,120.0,1.3499643034332396,103.87358934603267,4,20,1.3771422029488407,103.89858883862306,4,120,1.3971918012255795,103.9082927397949,4,30
1.400879,103.807041,4,60.0,1.3968915,103.8731122,2,60,1.4093858,103.8681166,2,45,1.4050778,103.8433641,1,30
1.392070753007587,103.89566154116844,4,30.0,1.3509760902464674,103.87239797240974,4,25,1.377729618469041,103.90073975037672,4,20,1.3845217616689347,103.88251907980164,2,10
1.3714393843454862,103.89407703201596,1,60.0,1.3505991370927406,103.87215801994628,4,30,1.3838919623741257,103.87853094856564,4,60,1.365132627566177,103.87705036918943,2,20
1.376212343993031,103.8975209883911,4,60.0,1.3849216299901963,103.90013882438964,4,60,1.390885112791009,103.8947314910156,4,60,1.3981785604711745,103.88468930046383,4,50
1.3521865631756116,103.87224385063476,2,120.0,1.3699270513235628,103.84979912559812,1,30,1.3771133060917606,103.89953800957028,1,120,1.3887399768251505,103.90052506248776,1,10
1.408346446747543,103.90228459160154,2,30.0,1.3507723,103.8722585,2,30,1.408346446747454,103.92288395683592,1,60,1.392944441483816,103.89520355980224,2,30
1.3702488243869797,103.84846874992674,4,60.0,1.4073596917900866,103.90219876091308,4,60,1.4115212207311796,103.90387245933836,4,60,1.3827335857717205,103.88018318931884,1,30
1.4079174229043452,103.89996716301268,4,180.0,1.3508565576090636,103.9021129302246,4,40,1.4136663358342405,103.92048069755856,4,40,1.3892119069047102,103.8756770781738,4,50
1.349934133966094,103.87340256492918,4,120.0,1.3395300291642285,103.8861913375122,4,60,1.408367897937551,103.90726277153318,4,60,1.3580857726191495,103.88874480049436,4,30
1.350985267856997,103.87224385063476,1,30.0,1.3508351059004218,103.87228676597898,1,30,1.3518916023264371,103.8710475854141,1,30,1.354009956719135,103.87865969459835,1,1
1.4102324822837045,103.90209840793456,2,480.0,1.3428695,103.8796386,1,30,1.4088701735920652,103.86671669626465,1,240,1.3815693000000049,103.84279829416504,1,0
1.421045516634886,103.87121388237304,1,30.0,1.3870667694202896,103.89507481376953,1,10,1.4092044941971145,103.99111935417478,3,120,1.3802452193075323,103.88760754387204,1,25
1.377392175243801,103.8975424460632,2,30.0,1.3751826726063363,103.89185616295164,2,20,1.3826477800749646,103.9075202635986,2,30,1.388053532904559,103.89885136406248,1,10
1.36941221433246,103.84871551315612,1,30.0,1.3093900547489616,103.85612377445524,3,40,1.4218445689573556,103.91064235489196,1,40,1.407424045386916,103.86509844581909,1,10
1.4064158388313737,103.9022416762573,1,60.0,1.350943912675019,103.87243015899536,1,35,1.3761694410274623,103.8998813323242,1,120,1.3913570424419317,103.8761062316162,1,40
1.3726084921968655,103.84683796684568,4,45.0,1.392327715631895,103.8961369685394,4,15,1.3748367,103.8455383,4,90,1.3729037060508062,103.84767817116392,4,40
1.4070164725766958,103.9018983535034,1,90.0,1.3922150961109123,103.89503189842527,1,30,1.385179046824315,103.87915322105712,4,180,1.37779975317647,103.89889427940672,1,15
1.3926441228281483,103.89498898308103,4,60.0,1.3522294665687484,103.87215801994628,2,60,1.415554035485821,103.90434452812498,3,120,1.3836774482311829,103.87872406761473,1,30
1.3920064,103.89505,4,50.0,1.3912096,103.8989674,2,30,1.3993143,103.8848743,1,70,1.4024854,103.8924562,1,30
1.3606399035525834,103.90704156961668,1,40.0,1.3784065666092753,103.9146019968506,1,10,1.4100625413303352,103.91910740654296,1,60,1.362161581645451,103.89468857567137,1,5
1.3736810677045228,103.93249699394528,4,120.0,1.405257473314881,103.90262791435543,4,60,1.4077458133448302,103.95807453911132,4,360,1.3968485805213735,103.87747952263182,2,5
1.3698197936261771,103.8484258345825,4,60.0,1.3613893236218593,103.88645419399565,4,90,1.4085180562626447,103.92288395683592,4,90,1.3598019035744726,103.89556834022824,1,20
1.4065445460754509,103.90194126884764,2,120.0,1.3637704517328209,103.86597821037596,2,60,1.3620114203824534,103.84700962822264,4,120,1.3733163920859175,103.86151501457518,1,20
1.3712784978991628,103.89194199364012,2,30.0,1.405943912208835,103.90082546989744,1,15,1.4098909319289448,103.92168232719725,1,30,1.3622902912928951,103.8652271918518,1,5
1.4111377,103.9044621,4,120.0,1.3706446260788747,103.88855393244468,4,120,1.384864003563073,103.89298667206003,3,35,1.387729176731279,103.89899227760635,1,1
1.3336729092314863,103.74236780722046,1,30.0,1.339400548991459,103.7058683069458,4,30,1.3388428018868983,103.7283988626709,4,60,1.337684403648961,103.68059116918946,3,10
1.3344666278977837,103.74143439848328,4,120.0,1.3384352173840814,103.70447355825806,2,120,1.3192357657255087,103.70664078314208,1,120,1.333951783386641,103.67554861624146,1,60
1.3780719,103.7783159,4,90.0,1.3397443,103.7067297,3,70,1.4479987,103.7245442,2,90,1.3326904,103.6789432,2,45
1.333140637027399,103.74262878650816,4,60.0,1.3498657,103.7181654,4,30,1.4197913,103.72028,4,120,1.381574439296946,103.69702774603272,4,10
1.3483099,103.6831347,4,360.0,1.3345013,103.7426077,4,240,1.3352778,103.7311111,1,600,1.2811547160564096,103.63410718876952,2,15
1.2913603,103.7666534,3,120.0,1.3332111,103.7422572,3,30,1.3206924,103.7397778,2,120,1.3210266,103.6490755,1,30
1.3328572,103.7435522,4,180.0,1.3358972,103.7425966,4,30,1.3358997,103.7261741,4,180,1.3177367,103.7077834,1,60
1.3332009682815031,103.74208885748293,1,60.0,1.3376200481756295,103.69685608465576,1,720,1.333007901503175,103.67913204748535,1,120,1.3458789868144458,103.63922077734377,1,45
1.3470588329122486,103.6808325680008,4,30.0,1.3385424764703515,103.70573956091307,4,240,1.3522823264927626,103.69316536505129,3,180,1.346326792105166,103.6795343788376,4,15
1.3149882691791572,103.76419025976564,3,30.0,1.3376415000000057,103.7036367090454,2,30,1.38329055341842,103.70668369848632,1,30,1.3209948278297152,103.68179279882813,1,30
1.350169333521156,103.71824938375856,4,90.0,1.3330508052330057,103.74215323049928,4,5,1.3359253534272175,103.72745472509766,4,60,1.3508128848746843,103.73760420401,1,10
1.33331,103.7401992,3,90.0,1.3854239,103.7442785,2,20,1.3444365,103.6339522,1,60,1.423219763487743,103.76224514214417,1,5
1.3332009682815031,103.7430437238922,4,60.0,1.379686712331551,103.76060682852172,1,30,1.3388857055148369,103.73050171453858,2,30,1.33284701250966,103.67900330145264,1,30
1.3397443,103.7067297,2,60.0,1.3332111,103.7422572,4,120,1.3358997,103.7261741,1,30,1.2949472,103.6304833,1,5
1.3348154,103.7468395,2,120.0,1.3332111,103.7422572,1,240,1.3329173,103.7395003,1,120,1.3854239,103.7442785,2,120
1.333296907451828,103.74240740370485,3,120.0,1.3447578423490416,103.72086123068848,2,60,1.3176079880123637,103.70838421481936,1,30,1.379914805798535,103.68932340740967,1,120
1.3328572,103.7435522,4,120.0,1.3328572,103.7435522,4,10,1.3428182506727109,103.68487277144165,2,5,1.3418889576028694,103.69743544180298,1,15
1.3332111,103.7422572,4,330.0,1.3153159744939331,103.76450544920657,4,180,1.3557636,103.7541002,4,180,1.3402502,103.6367189,1,60
1.3338230722420334,103.74226051885988,4,180.0,1.339636518882094,103.70674807150267,4,120,1.4459707586200428,103.72947174627686,4,300,1.3009157038534307,103.62995106298828,4,480
1.3367679,103.6941672,2,60.0,1.3135577,103.7654405,1,60,1.3418479,103.7281926,1,120,1.3402502,103.6367189,1,60
1.3166258882391368,103.76505873899256,4,210.0,1.3326293301539365,103.74243400294,4,90,1.3486279059243576,103.76433887248784,4,210,1.3556114606225629,103.73177391215796,1,30
1.318763822022463,103.70784241278076,4,120.0,1.3232258316337016,103.66376835424803,4,5,1.4471291036435985,103.729857984375,4,90,1.3750960973282316,103.68672806341552,3,30
1.3459218903189405,103.71153313238526,1,30.0,1.3464599719249408,103.71409374814309,1,30,1.352099987070232,103.69385201055908,1,30,1.3376415000000057,103.69887310583496,1,30
1.347119328637288,103.68003406637877,4,360.0,1.3161811,103.7649377,4,15,1.2913603,103.7666534,4,30,1.312644197217511,103.76576113816758,4,10
1.445935135091548,103.72998523148767,2,180.0,1.3331392945007392,103.74167064078708,4,90,1.348033546246184,103.76223641980091,2,90,1.3415798195716175,103.73152201152467,2,45
1.3332111,103.7422572,4,180.0,1.3483673888252126,103.68325192053224,3,180,1.4479987,103.7245442,1,300,1.3920246,103.7433749,1,30
1.3336729092314863,103.74276477415468,4,60.0,1.333115160826333,103.74374109823609,4,60,1.2954239497042406,103.76238781530762,2,60,1.2823809859866255,103.6306377084961,2,15
1.3334475557119057,103.74296512102448,4,90.0,1.339323,103.70546,4,60,1.4479987,103.7245442,1,120,1.332690399999998,103.67894320000002,3,120
1.2970221372004918,103.76266676504515,4,90.0,1.351595872124914,103.71196228582764,4,5,1.368521205796056,103.69653421957398,4,30,1.2861565876121464,103.71269184667968,2,60
1.3332111,103.7422572,3,60.0,1.3839803,103.7469611,2,30,1.3333259,103.6811384,4,60,1.3326904,103.6789432,3,60
1.3424038004479355,103.69282204229737,1,10.0,1.3600371021714623,103.6991305979004,1,10,1.341331211065096,103.70290714819336,1,10,1.348624809577762,103.68196446020508,1,10
1.3142556,103.7093099,1,180.0,1.3328572,103.7435522,1,180,1.3590288,103.7636796,1,30,1.2949472,103.6304833,1,0
1.3499119129320492,103.68342358190918,4,120.0,1.3387784464435917,103.7059755953064,4,120,1.4413802743841733,103.7356944711914,4,180,1.273800052514123,103.62960774023438,1,30
1.3356250276536854,103.72775513250733,1,180.0,1.315417309562944,103.76509148199465,1,30,1.3177448523584825,103.70778340418244,1,45,1.3329220940412878,103.67904621679688,1,10
1.3340804945245186,103.74290424902344,4,180.0,1.314516324671876,103.76509148199465,2,60,1.337384078090574,103.72698265631104,1,120,1.3325359604257407,103.67878872473143,2,180
1.333243872007975,103.74144512731934,1,60.0,1.3238114801766732,103.68934886271698,1,5,1.341009434158564,103.72455793936156,1,60,1.3412025003075492,103.6366887720337,1,5
1.3336294670697648,103.74254368941038,4,30.0,1.2851839988576708,103.77695041136168,4,60,1.297045132536999,103.76066670947876,4,60,1.2387191247064424,103.61501492963866,4,120
1.3328572,103.7435522,4,120.0,1.3339956447575048,103.63463932006836,4,10,1.3459462,103.6890087,4,20,1.3418556,103.6974318,1,20
1.3396150670747913,103.70659786779784,4,60.0,1.3326861235056493,103.67881018240357,1,30,1.3442486530855529,103.68376690466307,2,120,1.333286775733709,103.68159967977904,1,60
1.3338820648508358,103.7429310711136,4,120.0,1.3472518985829929,103.63887745458985,3,60,1.4411228637789677,103.72281986791992,4,120,1.4001084058855662,103.69003254492188,4,90
1.314006839024099,103.76455504019164,4,60.0,1.349477515626116,103.7491108806839,2,30,1.3380598105452288,103.7278409631958,4,90,1.3305516617247923,103.74478179533386,1,15
1.3345013,103.7426077,4,120.0,1.3332111,103.7422572,4,20,1.3381428,103.7078091,4,120,1.3175625103746256,103.68419605810548,4,10
1.3187065,103.7064417,4,90.0,1.3332111,103.7422572,4,30,1.4096528,103.7009111,4,60,1.422643718024449,103.76193413939616,1,60
1.3399266393715703,103.7073519700041,2,60.0,1.3334363435836991,103.74237521473889,3,10,1.3322734593710612,103.67913298959044,1,30,1.3265406105670765,103.6807019374726,4,30
1.3148595570496462,103.76442092974092,1,30.0,1.3334369387678429,103.74232489187622,1,30,1.4287671206074837,103.72281986791992,1,120,1.3404945910200852,103.6370320947876,4,30
1.347423512499626,103.69363743383788,4,60.0,1.3302620612402944,103.7247081430664,4,60,1.3423179933146123,103.69007546026612,4,60,1.341288307480057,103.69526821691896,4,60
1.3153315014920697,103.76487690527344,1,60.0,1.315224241399345,103.76500565130615,1,60,1.3341233982356602,103.72779804785156,1,120,1.3244271405434118,103.67943245489502,1,10
1.3341233982356602,103.7428613336792,4,60.0,1.3332111,103.7422572,4,60,1.3358997,103.7261741,4,60,1.3291465627602728,103.67835957128906,3,30
1.3349385686050144,103.74273258764649,4,60.0,1.3152885974555315,103.76500565130615,4,40,1.318420590182219,103.70681244451904,4,120,1.3211235396421377,103.74058682043456,1,30
1.3394005489914722,103.7057610185852,4,90.0,1.3290607551640132,103.7159534128418,4,40,1.3357108350212883,103.72681099493408,1,120,1.3321498267496483,103.6807628305664,1,30
1.3328303,103.7432656,4,60.0,1.3360326126231534,103.82169682104492,4,30,1.3138397,103.8159136,4,120,1.2955955672018094,103.63201099951172,1,5
1.3331795164180191,103.74223906118776,1,240.0,1.3331682520433368,103.7422754685089,1,15,1.317777030354268,103.70778876860048,1,30,1.3264221701244283,103.7429686220398,1,1
1.3328572,103.7435522,1,480.0,1.3590288,103.7636796,1,60,1.379829,103.689023,1,60,1.2949472,103.6304833,1,60
1.3434334858127868,103.63514381964112,4,170.0,1.325885872007939,103.67883164007569,4,20,1.3361827754895832,103.73011547644045,4,110,1.332750479108531,103.63947826940918,2,10
1.3402157176082137,103.7101169260254,4,30.0,1.3360111607843377,103.68956047613526,2,10,1.347595126404224,103.68093449194336,4,30,1.3360540644617651,103.68402439672852,2,10
1.3133579150485326,103.76455504019164,2,30.0,1.2854540258004663,103.77892095167542,1,20,1.3354534129096118,103.7304158838501,3,120,1.306557610706759,103.73498636801148,1,20
1.3339303315296709,103.74314028341676,4,80.0,1.339486356227044,103.7055249841919,4,40,1.3191070538153669,103.74299007971192,4,40,1.2877011503044544,103.6346717508545,1,15
1.2966426,103.7763939,4,60.0,1.3187065,103.7064417,4,120,1.3331687,103.7356443,4,120,1.301426431079772,103.77308941849364,1,30
1.3333082275962642,103.74363380987548,1,60.0,1.3348527612105037,103.74616581518556,1,60,1.339100223643383,103.73067337591552,1,60,1.3248132754264352,103.64673096258544,1,30
1.3463080218251815,103.71380764562988,1,60.0,1.4466571853720132,103.76861054022216,1,60,1.33644019752499,103.726253095459,1,120,1.3541164458043506,103.69183498937988,1,30
1.334683,103.7215616,2,60.0,1.3345619,103.7181976,1,45,1.3371422,103.7183588,1,60,1.3360261,103.7137755,1,30
1.3472999681586306,103.68120793571208,4,360.0,1.334484300293204,103.68100965396728,1,240,1.3542949255864356,103.6883435499069,4,1200,1.3796438094285757,103.69209248144531,1,60
1.3108265736332565,103.7953253420105,4,120.0,1.338521024653469,103.70582539160156,4,30,1.3357537387039704,103.729857984375,4,120,1.30838103797107,103.68874508459471,4,120
1.333286775733709,103.74236780722046,4,60.0,1.3101186556606643,103.71026712973024,1,20,1.3176054143720173,103.70582539160156,4,60,1.3915493352408528,103.69872290213011,4,20
1.3341877538009732,103.74187428076172,4,240.0,1.3420820236824804,103.69204956610108,4,60,1.2974833589077894,103.76556355078124,2,180,1.3274733140955646,103.69337994177246,1,30
1.3328303,103.7432656,4,120.0,1.333044103637758,103.74248931163936,4,10,1.3331687,103.7356443,1,10,1.374109328463329,103.71732670385742,1,10
1.3491718292411978,103.68949538574586,4,240.0,1.3480662,103.7053364,1,1,1.3489419888221514,103.68768651030538,4,60,1.3800467887405463,103.68919148118354,1,20
